ID,Name,Cursor Speed,Typing Speed,Human or Robot
1,sdasd,876.487153245096,7.4985066321071905,Human
2,asdas,1314.991711838997,8.534541143151689,Human
1,12,993.9234944122609,4.3066836156028625,Human,2025-04-19 15:19:50
